time,lon,lat,lons,lats,latitude_longitude,spi
2018-01-01,8.70730856035551,54.908170918201535,8.70730856035551,54.908170918201535,0,
2018-01-02,8.70730856035551,54.908170918201535,8.70730856035551,54.908170918201535,0,
2018-01-03,8.70730856035551,54.908170918201535,8.70730856035551,54.908170918201535,0,
2018-01-04,8.70730856035551,54.908170918201535,8.70730856035551,54.908170918201535,0,
2018-01-05,8.70730856035551,54.908170918201535,8.70730856035551,54.908170918201535,0,
2018-01-06,8.70730856035551,54.908170918201535,8.70730856035551,54.908170918201535,0,
2018-01-07,8.70730856035551,54.908170918201535,8.70730856035551,54.908170918201535,0,
2018-01-08,8.70730856035551,54.908170918201535,8.70730856035551,54.908170918201535,0,
2018-01-09,8.70730856035551,54.908170918201535,8.70730856035551,54.908170918201535,0,
2018-01-10,8.70730856035551,54.908170918201535,8.70730856035551,54.908170918201535,0,
2018-01-11,8.70730856035551,54.908170918201535,8.70730856035551,54.908170918201535,0,
2018-01-12,8.70730856035551,54.908170918201535,8.70730856035551,54.908170918201535,0,
2018-01-13,8.70730856035551,54.908170918201535,8.70730856035551,54.908170918201535,0,
2018-01-14,8.70730856035551,54.908170918201535,8.70730856035551,54.908170918201535,0,
2018-01-15,8.70730856035551,54.908170918201535,8.70730856035551,54.908170918201535,0,
2018-01-16,8.70730856035551,54.908170918201535,8.70730856035551,54.908170918201535,0,
2018-01-17,8.70730856035551,54.908170918201535,8.70730856035551,54.908170918201535,0,
2018-01-18,8.70730856035551,54.908170918201535,8.70730856035551,54.908170918201535,0,
2018-01-19,8.70730856035551,54.908170918201535,8.70730856035551,54.908170918201535,0,
2018-01-20,8.70730856035551,54.908170918201535,8.70730856035551,54.908170918201535,0,
2018-01-21,8.70730856035551,54.908170918201535,8.70730856035551,54.908170918201535,0,
2018-01-22,8.70730856035551,54.908170918201535,8.70730856035551,54.908170918201535,0,
2018-01-23,8.70730856035551,54.908170918201535,8.70730856035551,54.908170918201535,0,
2018-01-24,8.70730856035551,54.908170918201535,8.70730856035551,54.908170918201535,0,
2018-01-25,8.70730856035551,54.908170918201535,8.70730856035551,54.908170918201535,0,
2018-01-26,8.70730856035551,54.908170918201535,8.70730856035551,54.908170918201535,0,
2018-01-27,8.70730856035551,54.908170918201535,8.70730856035551,54.908170918201535,0,
2018-01-28,8.70730856035551,54.908170918201535,8.70730856035551,54.908170918201535,0,
2018-01-29,8.70730856035551,54.908170918201535,8.70730856035551,54.908170918201535,0,
2018-01-30,8.70730856035551,54.908170918201535,8.70730856035551,54.908170918201535,0,
2018-01-31,8.70730856035551,54.908170918201535,8.70730856035551,54.908170918201535,0,
2018-02-01,8.70730856035551,54.908170918201535,8.70730856035551,54.908170918201535,0,
2018-02-02,8.70730856035551,54.908170918201535,8.70730856035551,54.908170918201535,0,
2018-02-03,8.70730856035551,54.908170918201535,8.70730856035551,54.908170918201535,0,
2018-02-04,8.70730856035551,54.908170918201535,8.70730856035551,54.908170918201535,0,
2018-02-05,8.70730856035551,54.908170918201535,8.70730856035551,54.908170918201535,0,
2018-02-06,8.70730856035551,54.908170918201535,8.70730856035551,54.908170918201535,0,
2018-02-07,8.70730856035551,54.908170918201535,8.70730856035551,54.908170918201535,0,
2018-02-08,8.70730856035551,54.908170918201535,8.70730856035551,54.908170918201535,0,
2018-02-09,8.70730856035551,54.908170918201535,8.70730856035551,54.908170918201535,0,
2018-02-10,8.70730856035551,54.908170918201535,8.70730856035551,54.908170918201535,0,
2018-02-11,8.70730856035551,54.908170918201535,8.70730856035551,54.908170918201535,0,
2018-02-12,8.70730856035551,54.908170918201535,8.70730856035551,54.908170918201535,0,
2018-02-13,8.70730856035551,54.908170918201535,8.70730856035551,54.908170918201535,0,
2018-02-14,8.70730856035551,54.908170918201535,8.70730856035551,54.908170918201535,0,
2018-02-15,8.70730856035551,54.908170918201535,8.70730856035551,54.908170918201535,0,
2018-02-16,8.70730856035551,54.908170918201535,8.70730856035551,54.908170918201535,0,
2018-02-17,8.70730856035551,54.908170918201535,8.70730856035551,54.908170918201535,0,
2018-02-18,8.70730856035551,54.908170918201535,8.70730856035551,54.908170918201535,0,
2018-02-19,8.70730856035551,54.908170918201535,8.70730856035551,54.908170918201535,0,
2018-02-20,8.70730856035551,54.908170918201535,8.70730856035551,54.908170918201535,0,
2018-02-21,8.70730856035551,54.908170918201535,8.70730856035551,54.908170918201535,0,
2018-02-22,8.70730856035551,54.908170918201535,8.70730856035551,54.908170918201535,0,
2018-02-23,8.70730856035551,54.908170918201535,8.70730856035551,54.908170918201535,0,
2018-02-24,8.70730856035551,54.908170918201535,8.70730856035551,54.908170918201535,0,
2018-02-25,8.70730856035551,54.908170918201535,8.70730856035551,54.908170918201535,0,
2018-02-26,8.70730856035551,54.908170918201535,8.70730856035551,54.908170918201535,0,
2018-02-27,8.70730856035551,54.908170918201535,8.70730856035551,54.908170918201535,0,
2018-02-28,8.70730856035551,54.908170918201535,8.70730856035551,54.908170918201535,0,
2018-03-01,8.70730856035551,54.908170918201535,8.70730856035551,54.908170918201535,0,
2018-03-02,8.70730856035551,54.908170918201535,8.70730856035551,54.908170918201535,0,
2018-03-03,8.70730856035551,54.908170918201535,8.70730856035551,54.908170918201535,0,
2018-03-04,8.70730856035551,54.908170918201535,8.70730856035551,54.908170918201535,0,
2018-03-05,8.70730856035551,54.908170918201535,8.70730856035551,54.908170918201535,0,
2018-03-06,8.70730856035551,54.908170918201535,8.70730856035551,54.908170918201535,0,
2018-03-07,8.70730856035551,54.908170918201535,8.70730856035551,54.908170918201535,0,
2018-03-08,8.70730856035551,54.908170918201535,8.70730856035551,54.908170918201535,0,
2018-03-09,8.70730856035551,54.908170918201535,8.70730856035551,54.908170918201535,0,
2018-03-10,8.70730856035551,54.908170918201535,8.70730856035551,54.908170918201535,0,
2018-03-11,8.70730856035551,54.908170918201535,8.70730856035551,54.908170918201535,0,
2018-03-12,8.70730856035551,54.908170918201535,8.70730856035551,54.908170918201535,0,
2018-03-13,8.70730856035551,54.908170918201535,8.70730856035551,54.908170918201535,0,
2018-03-14,8.70730856035551,54.908170918201535,8.70730856035551,54.908170918201535,0,
2018-03-15,8.70730856035551,54.908170918201535,8.70730856035551,54.908170918201535,0,
2018-03-16,8.70730856035551,54.908170918201535,8.70730856035551,54.908170918201535,0,
2018-03-17,8.70730856035551,54.908170918201535,8.70730856035551,54.908170918201535,0,
2018-03-18,8.70730856035551,54.908170918201535,8.70730856035551,54.908170918201535,0,
2018-03-19,8.70730856035551,54.908170918201535,8.70730856035551,54.908170918201535,0,
2018-03-20,8.70730856035551,54.908170918201535,8.70730856035551,54.908170918201535,0,
2018-03-21,8.70730856035551,54.908170918201535,8.70730856035551,54.908170918201535,0,
2018-03-22,8.70730856035551,54.908170918201535,8.70730856035551,54.908170918201535,0,
2018-03-23,8.70730856035551,54.908170918201535,8.70730856035551,54.908170918201535,0,
2018-03-24,8.70730856035551,54.908170918201535,8.70730856035551,54.908170918201535,0,
2018-03-25,8.70730856035551,54.908170918201535,8.70730856035551,54.908170918201535,0,
2018-03-26,8.70730856035551,54.908170918201535,8.70730856035551,54.908170918201535,0,
2018-03-27,8.70730856035551,54.908170918201535,8.70730856035551,54.908170918201535,0,
2018-03-28,8.70730856035551,54.908170918201535,8.70730856035551,54.908170918201535,0,
2018-03-29,8.70730856035551,54.908170918201535,8.70730856035551,54.908170918201535,0,
2018-03-30,8.70730856035551,54.908170918201535,8.70730856035551,54.908170918201535,0,
2018-03-31,8.70730856035551,54.908170918201535,8.70730856035551,54.908170918201535,0,0.9305738
2018-04-01,8.70730856035551,54.908170918201535,8.70730856035551,54.908170918201535,0,0.8129037
2018-04-02,8.70730856035551,54.908170918201535,8.70730856035551,54.908170918201535,0,0.9227517
2018-04-03,8.70730856035551,54.908170918201535,8.70730856035551,54.908170918201535,0,0.7314077
2018-04-04,8.70730856035551,54.908170918201535,8.70730856035551,54.908170918201535,0,0.8207722
2018-04-05,8.70730856035551,54.908170918201535,8.70730856035551,54.908170918201535,0,0.7419432
2018-04-06,8.70730856035551,54.908170918201535,8.70730856035551,54.908170918201535,0,0.60981053
2018-04-07,8.70730856035551,54.908170918201535,8.70730856035551,54.908170918201535,0,0.60981053
2018-04-08,8.70730856035551,54.908170918201535,8.70730856035551,54.908170918201535,0,0.60981053
2018-04-09,8.70730856035551,54.908170918201535,8.70730856035551,54.908170918201535,0,0.60981053
2018-04-10,8.70730856035551,54.908170918201535,8.70730856035551,54.908170918201535,0,0.59654534
2018-04-11,8.70730856035551,54.908170918201535,8.70730856035551,54.908170918201535,0,0.53540146
2018-04-12,8.70730856035551,54.908170918201535,8.70730856035551,54.908170918201535,0,0.53540146
2018-04-13,8.70730856035551,54.908170918201535,8.70730856035551,54.908170918201535,0,0.58061427
2018-04-14,8.70730856035551,54.908170918201535,8.70730856035551,54.908170918201535,0,0.6151132
2018-04-15,8.70730856035551,54.908170918201535,8.70730856035551,54.908170918201535,0,0.4740536
2018-04-16,8.70730856035551,54.908170918201535,8.70730856035551,54.908170918201535,0,0.32920712
2018-04-17,8.70730856035551,54.908170918201535,8.70730856035551,54.908170918201535,0,0.1886315
2018-04-18,8.70730856035551,54.908170918201535,8.70730856035551,54.908170918201535,0,0.00314381
2018-04-19,8.70730856035551,54.908170918201535,8.70730856035551,54.908170918201535,0,-0.07103596
2018-04-20,8.70730856035551,54.908170918201535,8.70730856035551,54.908170918201535,0,-0.29821888
2018-04-21,8.70730856035551,54.908170918201535,8.70730856035551,54.908170918201535,0,-0.29821888
2018-04-22,8.70730856035551,54.908170918201535,8.70730856035551,54.908170918201535,0,-0.31774694
2018-04-23,8.70730856035551,54.908170918201535,8.70730856035551,54.908170918201535,0,-0.4100964
2018-04-24,8.70730856035551,54.908170918201535,8.70730856035551,54.908170918201535,0,-0.48037684
2018-04-25,8.70730856035551,54.908170918201535,8.70730856035551,54.908170918201535,0,-0.09858743
2018-04-26,8.70730856035551,54.908170918201535,8.70730856035551,54.908170918201535,0,-0.09858743
2018-04-27,8.70730856035551,54.908170918201535,8.70730856035551,54.908170918201535,0,-0.1234209
2018-04-28,8.70730856035551,54.908170918201535,8.70730856035551,54.908170918201535,0,-0.14828745
2018-04-29,8.70730856035551,54.908170918201535,8.70730856035551,54.908170918201535,0,-0.2064445
2018-04-30,8.70730856035551,54.908170918201535,8.70730856035551,54.908170918201535,0,0.36687055
2018-05-01,8.70730856035551,54.908170918201535,8.70730856035551,54.908170918201535,0,0.30495474
2018-05-02,8.70730856035551,54.908170918201535,8.70730856035551,54.908170918201535,0,0.109758966
2018-05-03,8.70730856035551,54.908170918201535,8.70730856035551,54.908170918201535,0,0.11248464
2018-05-04,8.70730856035551,54.908170918201535,8.70730856035551,54.908170918201535,0,0.11248464
2018-05-05,8.70730856035551,54.908170918201535,8.70730856035551,54.908170918201535,0,0.10703288
2018-05-06,8.70730856035551,54.908170918201535,8.70730856035551,54.908170918201535,0,0.10703288
2018-05-07,8.70730856035551,54.908170918201535,8.70730856035551,54.908170918201535,0,0.10703288
2018-05-08,8.70730856035551,54.908170918201535,8.70730856035551,54.908170918201535,0,0.10703288
2018-05-09,8.70730856035551,54.908170918201535,8.70730856035551,54.908170918201535,0,0.10703288
2018-05-10,8.70730856035551,54.908170918201535,8.70730856035551,54.908170918201535,0,0.12882884
2018-05-11,8.70730856035551,54.908170918201535,8.70730856035551,54.908170918201535,0,0.12882884
2018-05-12,8.70730856035551,54.908170918201535,8.70730856035551,54.908170918201535,0,-0.021548474
2018-05-13,8.70730856035551,54.908170918201535,8.70730856035551,54.908170918201535,0,-0.12065979
2018-05-14,8.70730856035551,54.908170918201535,8.70730856035551,54.908170918201535,0,-0.1455225
2018-05-15,8.70730856035551,54.908170918201535,8.70730856035551,54.908170918201535,0,-0.1455225
2018-05-16,8.70730856035551,54.908170918201535,8.70730856035551,54.908170918201535,0,-0.17872599
2018-05-17,8.70730856035551,54.908170918201535,8.70730856035551,54.908170918201535,0,-0.17872599
2018-05-18,8.70730856035551,54.908170918201535,8.70730856035551,54.908170918201535,0,-0.17872599
2018-05-19,8.70730856035551,54.908170918201535,8.70730856035551,54.908170918201535,0,-0.17872599
2018-05-20,8.70730856035551,54.908170918201535,8.70730856035551,54.908170918201535,0,-0.20921883
2018-05-21,8.70730856035551,54.908170918201535,8.70730856035551,54.908170918201535,0,-0.22587259
2018-05-22,8.70730856035551,54.908170918201535,8.70730856035551,54.908170918201535,0,-0.22587259
2018-05-23,8.70730856035551,54.908170918201535,8.70730856035551,54.908170918201535,0,-0.22864994
2018-05-24,8.70730856035551,54.908170918201535,8.70730856035551,54.908170918201535,0,-0.22864994
2018-05-25,8.70730856035551,54.908170918201535,8.70730856035551,54.908170918201535,0,-0.22864994
2018-05-26,8.70730856035551,54.908170918201535,8.70730856035551,54.908170918201535,0,-0.22864994
2018-05-27,8.70730856035551,54.908170918201535,8.70730856035551,54.908170918201535,0,-0.23142771
2018-05-28,8.70730856035551,54.908170918201535,8.70730856035551,54.908170918201535,0,-0.22309569
2018-05-29,8.70730856035551,54.908170918201535,8.70730856035551,54.908170918201535,0,-0.15658352
2018-05-30,8.70730856035551,54.908170918201535,8.70730856035551,54.908170918201535,0,-0.19535272
2018-05-31,8.70730856035551,54.908170918201535,8.70730856035551,54.908170918201535,0,-0.19535272
2018-06-01,8.70730856035551,54.908170918201535,8.70730856035551,54.908170918201535,0,-0.19535272
2018-06-02,8.70730856035551,54.908170918201535,8.70730856035551,54.908170918201535,0,-0.18980877
2018-06-03,8.70730856035551,54.908170918201535,8.70730856035551,54.908170918201535,0,-0.2842824
2018-06-04,8.70730856035551,54.908170918201535,8.70730856035551,54.908170918201535,0,-0.2842824
2018-06-05,8.70730856035551,54.908170918201535,8.70730856035551,54.908170918201535,0,-0.34288493
2018-06-06,8.70730856035551,54.908170918201535,8.70730856035551,54.908170918201535,0,-0.522679
2018-06-07,8.70730856035551,54.908170918201535,8.70730856035551,54.908170918201535,0,-0.5283261
2018-06-08,8.70730856035551,54.908170918201535,8.70730856035551,54.908170918201535,0,-0.9716412
2018-06-09,8.70730856035551,54.908170918201535,8.70730856035551,54.908170918201535,0,-1.0151441
2018-06-10,8.70730856035551,54.908170918201535,8.70730856035551,54.908170918201535,0,-0.8561624
2018-06-11,8.70730856035551,54.908170918201535,8.70730856035551,54.908170918201535,0,-0.8561624
2018-06-12,8.70730856035551,54.908170918201535,8.70730856035551,54.908170918201535,0,-0.85328627
2018-06-13,8.70730856035551,54.908170918201535,8.70730856035551,54.908170918201535,0,-0.85328627
2018-06-14,8.70730856035551,54.908170918201535,8.70730856035551,54.908170918201535,0,-0.7471584
2018-06-15,8.70730856035551,54.908170918201535,8.70730856035551,54.908170918201535,0,-0.7471584
2018-06-16,8.70730856035551,54.908170918201535,8.70730856035551,54.908170918201535,0,-0.7071681
2018-06-17,8.70730856035551,54.908170918201535,8.70730856035551,54.908170918201535,0,-0.69005734
2018-06-18,8.70730856035551,54.908170918201535,8.70730856035551,54.908170918201535,0,-0.67296445
2018-06-19,8.70730856035551,54.908170918201535,8.70730856035551,54.908170918201535,0,-0.7014635
2018-06-20,8.70730856035551,54.908170918201535,8.70730856035551,54.908170918201535,0,-0.79870796
2018-06-21,8.70730856035551,54.908170918201535,8.70730856035551,54.908170918201535,0,-0.46348393
2018-06-22,8.70730856035551,54.908170918201535,8.70730856035551,54.908170918201535,0,-0.37085795
2018-06-23,8.70730856035551,54.908170918201535,8.70730856035551,54.908170918201535,0,-0.3149557
2018-06-24,8.70730856035551,54.908170918201535,8.70730856035551,54.908170918201535,0,-0.3149557
2018-06-25,8.70730856035551,54.908170918201535,8.70730856035551,54.908170918201535,0,-0.32891488
2018-06-26,8.70730856035551,54.908170918201535,8.70730856035551,54.908170918201535,0,-0.37645835
2018-06-27,8.70730856035551,54.908170918201535,8.70730856035551,54.908170918201535,0,-0.4606698
2018-06-28,8.70730856035551,54.908170918201535,8.70730856035551,54.908170918201535,0,-0.4606698
2018-06-29,8.70730856035551,54.908170918201535,8.70730856035551,54.908170918201535,0,-0.4606698
2018-06-30,8.70730856035551,54.908170918201535,8.70730856035551,54.908170918201535,0,-0.4606698
2018-07-01,8.70730856035551,54.908170918201535,8.70730856035551,54.908170918201535,0,-0.5877397
2018-07-02,8.70730856035551,54.908170918201535,8.70730856035551,54.908170918201535,0,-0.991929
2018-07-03,8.70730856035551,54.908170918201535,8.70730856035551,54.908170918201535,0,-1.1990503
2018-07-04,8.70730856035551,54.908170918201535,8.70730856035551,54.908170918201535,0,-1.2401851
2018-07-05,8.70730856035551,54.908170918201535,8.70730856035551,54.908170918201535,0,-1.2343023
2018-07-06,8.70730856035551,54.908170918201535,8.70730856035551,54.908170918201535,0,-1.2343023
2018-07-07,8.70730856035551,54.908170918201535,8.70730856035551,54.908170918201535,0,-1.2343023
2018-07-08,8.70730856035551,54.908170918201535,8.70730856035551,54.908170918201535,0,-1.2343023
2018-07-09,8.70730856035551,54.908170918201535,8.70730856035551,54.908170918201535,0,-1.231363
2018-07-10,8.70730856035551,54.908170918201535,8.70730856035551,54.908170918201535,0,-1.231363
2018-07-11,8.70730856035551,54.908170918201535,8.70730856035551,54.908170918201535,0,-1.231363
2018-07-12,8.70730856035551,54.908170918201535,8.70730856035551,54.908170918201535,0,-1.2814167
2018-07-13,8.70730856035551,54.908170918201535,8.70730856035551,54.908170918201535,0,-1.3197939
2018-07-14,8.70730856035551,54.908170918201535,8.70730856035551,54.908170918201535,0,-1.3316185
2018-07-15,8.70730856035551,54.908170918201535,8.70730856035551,54.908170918201535,0,-1.3730695
2018-07-16,8.70730856035551,54.908170918201535,8.70730856035551,54.908170918201535,0,-1.3730695
2018-07-17,8.70730856035551,54.908170918201535,8.70730856035551,54.908170918201535,0,-1.3730695
2018-07-18,8.70730856035551,54.908170918201535,8.70730856035551,54.908170918201535,0,-1.3730695
2018-07-19,8.70730856035551,54.908170918201535,8.70730856035551,54.908170918201535,0,-1.3730695
2018-07-20,8.70730856035551,54.908170918201535,8.70730856035551,54.908170918201535,0,-1.3730695
2018-07-21,8.70730856035551,54.908170918201535,8.70730856035551,54.908170918201535,0,-1.3730695
2018-07-22,8.70730856035551,54.908170918201535,8.70730856035551,54.908170918201535,0,-1.3730695
2018-07-23,8.70730856035551,54.908170918201535,8.70730856035551,54.908170918201535,0,-1.4354359
2018-07-24,8.70730856035551,54.908170918201535,8.70730856035551,54.908170918201535,0,-1.8632234
2018-07-25,8.70730856035551,54.908170918201535,8.70730856035551,54.908170918201535,0,-1.8632234
2018-07-26,8.70730856035551,54.908170918201535,8.70730856035551,54.908170918201535,0,-1.9949214
2018-07-27,8.70730856035551,54.908170918201535,8.70730856035551,54.908170918201535,0,-2.0010717
2018-07-28,8.70730856035551,54.908170918201535,8.70730856035551,54.908170918201535,0,-1.515954
2018-07-29,8.70730856035551,54.908170918201535,8.70730856035551,54.908170918201535,0,-2.1555727
2018-07-30,8.70730856035551,54.908170918201535,8.70730856035551,54.908170918201535,0,-2.2177742
2018-07-31,8.70730856035551,54.908170918201535,8.70730856035551,54.908170918201535,0,-2.2177742
2018-08-01,8.70730856035551,54.908170918201535,8.70730856035551,54.908170918201535,0,-2.2552073
2018-08-02,8.70730856035551,54.908170918201535,8.70730856035551,54.908170918201535,0,-2.2552073
2018-08-03,8.70730856035551,54.908170918201535,8.70730856035551,54.908170918201535,0,-2.2552073
2018-08-04,8.70730856035551,54.908170918201535,8.70730856035551,54.908170918201535,0,-2.2489624
2018-08-05,8.70730856035551,54.908170918201535,8.70730856035551,54.908170918201535,0,-2.2395997
2018-08-06,8.70730856035551,54.908170918201535,8.70730856035551,54.908170918201535,0,-2.2395997
2018-08-07,8.70730856035551,54.908170918201535,8.70730856035551,54.908170918201535,0,-2.2395997
2018-08-08,8.70730856035551,54.908170918201535,8.70730856035551,54.908170918201535,0,-2.2583308
2018-08-09,8.70730856035551,54.908170918201535,8.70730856035551,54.908170918201535,0,-1.9212897
2018-08-10,8.70730856035551,54.908170918201535,8.70730856035551,54.908170918201535,0,-1.8327423
2018-08-11,8.70730856035551,54.908170918201535,8.70730856035551,54.908170918201535,0,-1.705319
2018-08-12,8.70730856035551,54.908170918201535,8.70730856035551,54.908170918201535,0,-1.4116504
2018-08-13,8.70730856035551,54.908170918201535,8.70730856035551,54.908170918201535,0,-1.3671412
2018-08-14,8.70730856035551,54.908170918201535,8.70730856035551,54.908170918201535,0,-1.3109298
2018-08-15,8.70730856035551,54.908170918201535,8.70730856035551,54.908170918201535,0,-1.2902657
2018-08-16,8.70730856035551,54.908170918201535,8.70730856035551,54.908170918201535,0,-1.2902657
2018-08-17,8.70730856035551,54.908170918201535,8.70730856035551,54.908170918201535,0,-1.2607893
2018-08-18,8.70730856035551,54.908170918201535,8.70730856035551,54.908170918201535,0,-1.2607893
2018-08-19,8.70730856035551,54.908170918201535,8.70730856035551,54.908170918201535,0,-1.1931828
2018-08-20,8.70730856035551,54.908170918201535,8.70730856035551,54.908170918201535,0,-1.1667991
2018-08-21,8.70730856035551,54.908170918201535,8.70730856035551,54.908170918201535,0,-1.1667991
2018-08-22,8.70730856035551,54.908170918201535,8.70730856035551,54.908170918201535,0,-1.1667991
2018-08-23,8.70730856035551,54.908170918201535,8.70730856035551,54.908170918201535,0,-1.0529344
2018-08-24,8.70730856035551,54.908170918201535,8.70730856035551,54.908170918201535,0,-0.84753275
2018-08-25,8.70730856035551,54.908170918201535,8.70730856035551,54.908170918201535,0,-0.6558855
2018-08-26,8.70730856035551,54.908170918201535,8.70730856035551,54.908170918201535,0,-0.6331406
2018-08-27,8.70730856035551,54.908170918201535,8.70730856035551,54.908170918201535,0,-0.39046574
2018-08-28,8.70730856035551,54.908170918201535,8.70730856035551,54.908170918201535,0,-0.39046574
2018-08-29,8.70730856035551,54.908170918201535,8.70730856035551,54.908170918201535,0,-0.38766313
2018-08-30,8.70730856035551,54.908170918201535,8.70730856035551,54.908170918201535,0,-0.3680584
2018-08-31,8.70730856035551,54.908170918201535,8.70730856035551,54.908170918201535,0,-0.37365794
2018-09-01,8.70730856035551,54.908170918201535,8.70730856035551,54.908170918201535,0,-0.37365794
2018-09-02,8.70730856035551,54.908170918201535,8.70730856035551,54.908170918201535,0,-0.37365794
2018-09-03,8.70730856035551,54.908170918201535,8.70730856035551,54.908170918201535,0,-0.37085795
2018-09-04,8.70730856035551,54.908170918201535,8.70730856035551,54.908170918201535,0,-0.37085795
2018-09-05,8.70730856035551,54.908170918201535,8.70730856035551,54.908170918201535,0,-0.37085795
2018-09-06,8.70730856035551,54.908170918201535,8.70730856035551,54.908170918201535,0,0.074291594
2018-09-07,8.70730856035551,54.908170918201535,8.70730856035551,54.908170918201535,0,0.42857867
2018-09-08,8.70730856035551,54.908170918201535,8.70730856035551,54.908170918201535,0,0.33997673
2018-09-09,8.70730856035551,54.908170918201535,8.70730856035551,54.908170918201535,0,0.3990915
2018-09-10,8.70730856035551,54.908170918201535,8.70730856035551,54.908170918201535,0,0.39640838
2018-09-11,8.70730856035551,54.908170918201535,8.70730856035551,54.908170918201535,0,0.7498418
2018-09-12,8.70730856035551,54.908170918201535,8.70730856035551,54.908170918201535,0,0.6812811
2018-09-13,8.70730856035551,54.908170918201535,8.70730856035551,54.908170918201535,0,0.6812811
2018-09-14,8.70730856035551,54.908170918201535,8.70730856035551,54.908170918201535,0,0.7076806
2018-09-15,8.70730856035551,54.908170918201535,8.70730856035551,54.908170918201535,0,0.8076575
2018-09-16,8.70730856035551,54.908170918201535,8.70730856035551,54.908170918201535,0,0.79715925
2018-09-17,8.70730856035551,54.908170918201535,8.70730856035551,54.908170918201535,0,0.79715925
2018-09-18,8.70730856035551,54.908170918201535,8.70730856035551,54.908170918201535,0,0.7919085
2018-09-19,8.70730856035551,54.908170918201535,8.70730856035551,54.908170918201535,0,0.44999254
2018-09-20,8.70730856035551,54.908170918201535,8.70730856035551,54.908170918201535,0,0.41250122
2018-09-21,8.70730856035551,54.908170918201535,8.70730856035551,54.908170918201535,0,0.48473838
2018-09-22,8.70730856035551,54.908170918201535,8.70730856035551,54.908170918201535,0,0.52741295
2018-09-23,8.70730856035551,54.908170918201535,8.70730856035551,54.908170918201535,0,0.57795876
2018-09-24,8.70730856035551,54.908170918201535,8.70730856035551,54.908170918201535,0,0.7076806
2018-09-25,8.70730856035551,54.908170918201535,8.70730856035551,54.908170918201535,0,0.7103187
2018-09-26,8.70730856035551,54.908170918201535,8.70730856035551,54.908170918201535,0,0.7103187
2018-09-27,8.70730856035551,54.908170918201535,8.70730856035551,54.908170918201535,0,0.71559256
2018-09-28,8.70730856035551,54.908170918201535,8.70730856035551,54.908170918201535,0,0.7182308
2018-09-29,8.70730856035551,54.908170918201535,8.70730856035551,54.908170918201535,0,0.7208662
2018-09-30,8.70730856035551,54.908170918201535,8.70730856035551,54.908170918201535,0,0.73404247
2018-10-01,8.70730856035551,54.908170918201535,8.70730856035551,54.908170918201535,0,0.99043125
2018-10-02,8.70730856035551,54.908170918201535,8.70730856035551,54.908170918201535,0,1.1842946
2018-10-03,8.70730856035551,54.908170918201535,8.70730856035551,54.908170918201535,0,1.2125614
2018-10-04,8.70730856035551,54.908170918201535,8.70730856035551,54.908170918201535,0,1.2228289
2018-10-05,8.70730856035551,54.908170918201535,8.70730856035551,54.908170918201535,0,1.2253952
2018-10-06,8.70730856035551,54.908170918201535,8.70730856035551,54.908170918201535,0,1.2612833
2018-10-07,8.70730856035551,54.908170918201535,8.70730856035551,54.908170918201535,0,1.2689655
2018-10-08,8.70730856035551,54.908170918201535,8.70730856035551,54.908170918201535,0,1.2689655
2018-10-09,8.70730856035551,54.908170918201535,8.70730856035551,54.908170918201535,0,1.2689655
2018-10-10,8.70730856035551,54.908170918201535,8.70730856035551,54.908170918201535,0,1.2689655
2018-10-11,8.70730856035551,54.908170918201535,8.70730856035551,54.908170918201535,0,1.2689655
2018-10-12,8.70730856035551,54.908170918201535,8.70730856035551,54.908170918201535,0,1.2689655
2018-10-13,8.70730856035551,54.908170918201535,8.70730856035551,54.908170918201535,0,1.2689655
2018-10-14,8.70730856035551,54.908170918201535,8.70730856035551,54.908170918201535,0,1.2689655
2018-10-15,8.70730856035551,54.908170918201535,8.70730856035551,54.908170918201535,0,1.2689655
2018-10-16,8.70730856035551,54.908170918201535,8.70730856035551,54.908170918201535,0,1.2689655
2018-10-17,8.70730856035551,54.908170918201535,8.70730856035551,54.908170918201535,0,1.2689655
2018-10-18,8.70730856035551,54.908170918201535,8.70730856035551,54.908170918201535,0,1.2715243
2018-10-19,8.70730856035551,54.908170918201535,8.70730856035551,54.908170918201535,0,1.2715243
2018-10-20,8.70730856035551,54.908170918201535,8.70730856035551,54.908170918201535,0,1.2919921
2018-10-21,8.70730856035551,54.908170918201535,8.70730856035551,54.908170918201535,0,1.3226486
2018-10-22,8.70730856035551,54.908170918201535,8.70730856035551,54.908170918201535,0,1.3277538
2018-10-23,8.70730856035551,54.908170918201535,8.70730856035551,54.908170918201535,0,1.4397111
2018-10-24,8.70730856035551,54.908170918201535,8.70730856035551,54.908170918201535,0,1.4523928
2018-10-25,8.70730856035551,54.908170918201535,8.70730856035551,54.908170918201535,0,1.4802605
2018-10-26,8.70730856035551,54.908170918201535,8.70730856035551,54.908170918201535,0,1.2433484
2018-10-27,8.70730856035551,54.908170918201535,8.70730856035551,54.908170918201535,0,1.2459108
2018-10-28,8.70730856035551,54.908170918201535,8.70730856035551,54.908170918201535,0,1.2459108
2018-10-29,8.70730856035551,54.908170918201535,8.70730856035551,54.908170918201535,0,1.3914478
2018-10-30,8.70730856035551,54.908170918201535,8.70730856035551,54.908170918201535,0,1.4219447
2018-10-31,8.70730856035551,54.908170918201535,8.70730856035551,54.908170918201535,0,1.4549282
2018-11-01,8.70730856035551,54.908170918201535,8.70730856035551,54.908170918201535,0,1.4650649
2018-11-02,8.70730856035551,54.908170918201535,8.70730856035551,54.908170918201535,0,1.5383978
2018-11-03,8.70730856035551,54.908170918201535,8.70730856035551,54.908170918201535,0,1.5308253
2018-11-04,8.70730856035551,54.908170918201535,8.70730856035551,54.908170918201535,0,1.5308253
2018-11-05,8.70730856035551,54.908170918201535,8.70730856035551,54.908170918201535,0,1.5308253
2018-11-06,8.70730856035551,54.908170918201535,8.70730856035551,54.908170918201535,0,1.5257745
2018-11-07,8.70730856035551,54.908170918201535,8.70730856035551,54.908170918201535,0,1.2484739
2018-11-08,8.70730856035551,54.908170918201535,8.70730856035551,54.908170918201535,0,1.1714327
2018-11-09,8.70730856035551,54.908170918201535,8.70730856035551,54.908170918201535,0,1.1353726
2018-11-10,8.70730856035551,54.908170918201535,8.70730856035551,54.908170918201535,0,0.9227529
2018-11-11,8.70730856035551,54.908170918201535,8.70730856035551,54.908170918201535,0,0.99043244
2018-11-12,8.70730856035551,54.908170918201535,8.70730856035551,54.908170918201535,0,1.0241786
2018-11-13,8.70730856035551,54.908170918201535,8.70730856035551,54.908170918201535,0,1.2099934
2018-11-14,8.70730856035551,54.908170918201535,8.70730856035551,54.908170918201535,0,1.2125614
2018-11-15,8.70730856035551,54.908170918201535,8.70730856035551,54.908170918201535,0,1.1868662
2018-11-16,8.70730856035551,54.908170918201535,8.70730856035551,54.908170918201535,0,1.1868662
2018-11-17,8.70730856035551,54.908170918201535,8.70730856035551,54.908170918201535,0,1.1276357
2018-11-18,8.70730856035551,54.908170918201535,8.70730856035551,54.908170918201535,0,1.1044081
2018-11-19,8.70730856035551,54.908170918201535,8.70730856035551,54.908170918201535,0,1.1379509
2018-11-20,8.70730856035551,54.908170918201535,8.70730856035551,54.908170918201535,0,1.1971489
2018-11-21,8.70730856035551,54.908170918201535,8.70730856035551,54.908170918201535,0,1.0966595
2018-11-22,8.70730856035551,54.908170918201535,8.70730856035551,54.908170918201535,0,0.9123207
2018-11-23,8.70730856035551,54.908170918201535,8.70730856035551,54.908170918201535,0,0.7445789
2018-11-24,8.70730856035551,54.908170918201535,8.70730856035551,54.908170918201535,0,0.736678
2018-11-25,8.70730856035551,54.908170918201535,8.70730856035551,54.908170918201535,0,0.399094
2018-11-26,8.70730856035551,54.908170918201535,8.70730856035551,54.908170918201535,0,0.399094
2018-11-27,8.70730856035551,54.908170918201535,8.70730856035551,54.908170918201535,0,0.39372736
2018-11-28,8.70730856035551,54.908170918201535,8.70730856035551,54.908170918201535,0,0.37761924
2018-11-29,8.70730856035551,54.908170918201535,8.70730856035551,54.908170918201535,0,0.61776704
2018-11-30,8.70730856035551,54.908170918201535,8.70730856035551,54.908170918201535,0,0.61776704
2018-12-01,8.70730856035551,54.908170918201535,8.70730856035551,54.908170918201535,0,0.7708883
2018-12-02,8.70730856035551,54.908170918201535,8.70730856035551,54.908170918201535,0,0.85482913
2018-12-03,8.70730856035551,54.908170918201535,8.70730856035551,54.908170918201535,0,0.8914351
2018-12-04,8.70730856035551,54.908170918201535,8.70730856035551,54.908170918201535,0,0.9097111
2018-12-05,8.70730856035551,54.908170918201535,8.70730856035551,54.908170918201535,0,0.52474856
2018-12-06,8.70730856035551,54.908170918201535,8.70730856035551,54.908170918201535,0,0.2887694
2018-12-07,8.70730856035551,54.908170918201535,8.70730856035551,54.908170918201535,0,0.3480498
2018-12-08,8.70730856035551,54.908170918201535,8.70730856035551,54.908170918201535,0,0.620418
2018-12-09,8.70730856035551,54.908170918201535,8.70730856035551,54.908170918201535,0,0.75247395
2018-12-10,8.70730856035551,54.908170918201535,8.70730856035551,54.908170918201535,0,0.42054108
2018-12-11,8.70730856035551,54.908170918201535,8.70730856035551,54.908170918201535,0,0.39104345
2018-12-12,8.70730856035551,54.908170918201535,8.70730856035551,54.908170918201535,0,0.39104345
2018-12-13,8.70730856035551,54.908170918201535,8.70730856035551,54.908170918201535,0,0.34535918
2018-12-14,8.70730856035551,54.908170918201535,8.70730856035551,54.908170918201535,0,0.23741658
2018-12-15,8.70730856035551,54.908170918201535,8.70730856035551,54.908170918201535,0,0.23200218
2018-12-16,8.70730856035551,54.908170918201535,8.70730856035551,54.908170918201535,0,0.24553388
2018-12-17,8.70730856035551,54.908170918201535,8.70730856035551,54.908170918201535,0,0.25905553
2018-12-18,8.70730856035551,54.908170918201535,8.70730856035551,54.908170918201535,0,0.26446187
2018-12-19,8.70730856035551,54.908170918201535,8.70730856035551,54.908170918201535,0,0.23470959
2018-12-20,8.70730856035551,54.908170918201535,8.70730856035551,54.908170918201535,0,0.14243881
2018-12-21,8.70730856035551,54.908170918201535,8.70730856035551,54.908170918201535,0,0.43661147
2018-12-22,8.70730856035551,54.908170918201535,8.70730856035551,54.908170918201535,0,0.43661147
2018-12-23,8.70730856035551,54.908170918201535,8.70730856035551,54.908170918201535,0,0.4071385
2018-12-24,8.70730856035551,54.908170918201535,8.70730856035551,54.908170918201535,0,0.40445656
2018-12-25,8.70730856035551,54.908170918201535,8.70730856035551,54.908170918201535,0,0.42322066
2018-12-26,8.70730856035551,54.908170918201535,8.70730856035551,54.908170918201535,0,0.4178611
2018-12-27,8.70730856035551,54.908170918201535,8.70730856035551,54.908170918201535,0,0.41518074
2018-12-28,8.70730856035551,54.908170918201535,8.70730856035551,54.908170918201535,0,0.41249996
2018-12-29,8.70730856035551,54.908170918201535,8.70730856035551,54.908170918201535,0,0.56466943
2018-12-30,8.70730856035551,54.908170918201535,8.70730856035551,54.908170918201535,0,0.30225775
2018-12-31,8.70730856035551,54.908170918201535,8.70730856035551,54.908170918201535,0,0.098853424
